అంక	amka
అంక	anka
అంక	anka
అంక	anka
అంకం	amkam
అంకం	ankam
అంకం	ankam
అంగీకరించ	amgiikarimcha
అంగీకరించ	angeekarincha
అంగీకరించ	angeekarincha
అంగీకరించడం	angeekarinchadam
అంగీకరించడం	angikarinchadam
అంగీకరించడం	angikarinchadam
అంగీకరించడం	angikarinchadam
అంగీకరించడానికి	angeekarinchadaniki
అంగీకరించడానికి	angeekarinchadaniki
అంగీకరించడానికి	angikarinchadaniki
అంగీకరించని	angeekarinchani
అంగీకరించని	angeekarinchani
అంగీకరించని	angikarinchani
అంగీకరించారు	angeekarinchaaru
అంగీకరించారు	angeekarincharu
అంగీకరించారు	angikarinchaaru
అంగీకరించారు	angikarinchaaru
అంగీకరించింది	angeekarinchidi
అంగీకరించింది	angeekarinchindhi
అంగీకరించింది	angikarinchindi
అంటరాని	antaraani
అంటరాని	antaraani
అంటరాని	antaraani
అంతం	anatham
అంతం	antam
అంతం	antham
అంతము	antamu
అంతము	antamu
అంతము	anthamu
అంతము	anthamu
అంతము	anthamu
